{"stats":{"minecraft:used":{"nullzone:ceiling_tile":11,"minecraft:lever":1,"nullzone:dirty_concrete_floor":3,"nullzone:office_carpet":10,"nullzone:office_wall_top":14,"nullzone:ceiling_light":1,"nullzone:office_wall_bottom":13,"nullzone:office_wall":25,"minecraft:stone":6},"minecraft:dropped":{"nullzone:ceiling_light":1,"nullzone:office_wall_top":1,"minecraft:stone":2,"nullzone:office_wall_bottom":1,"nullzone:office_carpet":1,"minecraft:lever":1,"nullzone:dirty_concrete_floor":1,"nullzone:office_wall":1,"nullzone:ceiling_tile":1,"minecraft:shears":1},"minecraft:custom":{"minecraft:time_since_rest":11985,"minecraft:crouch_one_cm":345,"minecraft:play_time":11985,"minecraft:sprint_one_cm":4748,"minecraft:walk_one_cm":11918,"minecraft:sneak_time":166,"minecraft:drop":11,"minecraft:jump":44,"minecraft:time_since_death":11985,"minecraft:total_world_time":17272,"minecraft:fly_one_cm":21718}},"DataVersion":3465}