{"stats":{"minecraft:custom":{"minecraft:jump":89,"minecraft:time_since_rest":4997,"minecraft:leave_game":1,"minecraft:crouch_one_cm":172,"minecraft:sprint_one_cm":7551,"minecraft:play_time":4997,"minecraft:time_since_death":4997,"minecraft:walk_one_cm":3787,"minecraft:sneak_time":93,"minecraft:total_world_time":8362,"minecraft:drop":7,"minecraft:fly_one_cm":43239},"minecraft:used":{"minecraft:glow_item_frame":1,"nullzone:wallpaper":2,"nullzone:wallpaper_top":2},"minecraft:picked_up":{"nullzone:wall_paper":5},"minecraft:dropped":{"minecraft:glow_item_frame":1,"nullzone:wall_paper":6,"nullzone:wallpaper":1,"minecraft:shears":1,"nullzone:wallpaper_top":1}},"DataVersion":3465}