{"stats":{"minecraft:dropped":{"nullzone:ceiling":2,"minecraft:oak_planks":1,"minecraft:stone":1,"minecraft:structure_block":1,"nullzone:wallpaper_top":1,"nullzone:office_carpet":2,"nullzone:dirty_concrete_floor":1,"nullzone:concrete_floor":1,"nullzone:wallpaper":1,"minecraft:shears":1,"nullzone:subflooring":5,"nullzone:cut_wallpaper_top":1,"nullzone:cut_wallpaper":1,"nullzone:wallpaper_bottom":1},"minecraft:used":{"nullzone:wet_ceiling":1,"nullzone:wallpaper_bottom":1,"nullzone:ceiling_tile":1,"nullzone:office_carpet":6,"nullzone:ceiling":20,"nullzone:dirty_concrete_floor":1,"nullzone:concrete_floor":1,"nullzone:wallpaper_top":1,"nullzone:wet_ceiling_tile":1,"minecraft:oak_planks":23,"nullzone:subflooring":28,"nullzone:wallpaper":2,"minecraft:stone":2,"nullzone:cut_wallpaper":1,"nullzone:cut_wallpaper_top":1,"minecraft:structure_block":10},"minecraft:custom":{"minecraft:time_since_rest":9995,"minecraft:crouch_one_cm":835,"minecraft:play_time":9995,"minecraft:sprint_one_cm":10560,"minecraft:walk_one_cm":8463,"minecraft:sneak_time":473,"minecraft:drop":20,"minecraft:jump":120,"minecraft:time_since_death":9995,"minecraft:total_world_time":29272,"minecraft:fly_one_cm":98433}},"DataVersion":3465}