{"stats":{"minecraft:custom":{"minecraft:jump":123,"minecraft:time_since_rest":16057,"minecraft:leave_game":1,"minecraft:crouch_one_cm":64,"minecraft:sprint_one_cm":9635,"minecraft:play_time":16057,"minecraft:time_since_death":16057,"minecraft:walk_one_cm":2597,"minecraft:sneak_time":365,"minecraft:total_world_time":20743,"minecraft:drop":3,"minecraft:fly_one_cm":228103},"minecraft:used":{"nullzone:wallpaper_bottom":128,"nullzone:ceiling_tile":1,"nullzone:wallpaper_top":97,"nullzone:wallpaper":191,"minecraft:stone":295,"nullzone:office_carpet":2,"nullzone:ceiling_light":8,"minecraft:structure_block":7},"minecraft:dropped":{"minecraft:structure_block":1,"minecraft:stone":1,"nullzone:office_carpet":1}},"DataVersion":3465}