{"stats":{"minecraft:custom":{"minecraft:jump":29,"minecraft:time_since_rest":23484,"minecraft:crouch_one_cm":454,"minecraft:sprint_one_cm":1825,"minecraft:play_time":23484,"minecraft:time_since_death":23484,"minecraft:walk_one_cm":1845,"minecraft:sneak_time":1617,"minecraft:total_world_time":26005,"minecraft:drop":3,"minecraft:fly_one_cm":130917},"minecraft:dropped":{"minecraft:structure_block":1,"minecraft:stone":2},"minecraft:used":{"nullzone:concrete_wall_top":190,"minecraft:lever":7,"nullzone:subflooring":1,"minecraft:stone":3,"nullzone:ceiling_light":1,"nullzone:concrete_wall_bottom":177,"minecraft:structure_block":81,"nullzone:concrete_wall":294}},"DataVersion":3465}