{"stats":{"minecraft:dropped":{"minecraft:wooden_axe":1,"minecraft:stone":1},"minecraft:used":{"nullzone:office_carpet":116,"minecraft:stone":1},"minecraft:custom":{"minecraft:jump":9,"minecraft:time_since_rest":4471,"minecraft:crouch_one_cm":340,"minecraft:leave_game":1,"minecraft:sprint_one_cm":390,"minecraft:play_time":4471,"minecraft:time_since_death":4471,"minecraft:walk_one_cm":698,"minecraft:sneak_time":238,"minecraft:total_world_time":7387,"minecraft:drop":2,"minecraft:fly_one_cm":12884}},"DataVersion":3465}