{"stats":{"minecraft:dropped":{"minecraft:wooden_axe":1,"minecraft:stone":1,"minecraft:lever":1,"nullzone:office_carpet":1},"minecraft:used":{"nullzone:wallpaper_bottom":4,"nullzone:ceiling_tile":151,"nullzone:wallpaper_top":4,"minecraft:lever":18,"nullzone:wallpaper":14,"nullzone:office_carpet":128,"minecraft:stone":1,"nullzone:ceiling_light":17},"minecraft:custom":{"minecraft:jump":29,"minecraft:time_since_rest":8474,"minecraft:crouch_one_cm":1709,"minecraft:leave_game":2,"minecraft:play_time":8474,"minecraft:sprint_one_cm":3196,"minecraft:time_since_death":8474,"minecraft:walk_one_cm":5172,"minecraft:sneak_time":616,"minecraft:total_world_time":11405,"minecraft:drop":4,"minecraft:fly_one_cm":35935}},"DataVersion":3465}